Entity,Day,Number of parameters,Researcher affiliation
(ensemble): AWD-LSTM-DOC (fin) × 5 (WT2),2018-08-30,185000000,Academia and industry collaboration
3DMM-CNN,2016-12-15,44500000,Academia
4 layer QRNN (h=2500),2018-03-22,151000000,Industry
6-Act Tether,2021-08-03,5000000,Academia and industry collaboration
A.X K1,2025-12-30,519000000000,Industry
ADM,2021-05-11,559000000,Industry
AFM-on-device,2024-07-29,2730000000,Industry
ALBERT,2019-09-26,18000000,Academia and industry collaboration
ALBERT-xxlarge,2020-02-09,235000000,Academia and industry collaboration
ALIGN,2021-06-11,820000000,Industry
ALLaM adapted 70B,2024-05-21,70000000000,Other
ALM 1.0,2022-11-28,335000000,Academia
AR-LDM,2022-11-20,1500000000,Academia and industry collaboration
AWD-LSTM,2017-07-18,24000000,Academia and industry collaboration
AWD-LSTM + MoS + Partial Shuffled,2019-06-10,35000000,Academia
AWD-LSTM - 3-layer LSTM (tied) + continuous cache pointer (WT2),2017-08-07,33000000,Industry
AWD-LSTM+WT+Cache+IOG (WT2),2017-09-26,53000000,Industry
AWD-LSTM-DRILL + dynamic evaluation† (WT2),2019-05-14,34000000,Academia
"AWD-LSTM-MoS + dynamic evaluation (WT2, 2017)",2017-11-10,35000000,Academia
"AWD-LSTM-MoS + dynamic evaluation (WT2, 2018)",2018-09-18,35000000,Academia and industry collaboration
AWD-LSTM-MoS+PDR + dynamic evaluation (WT2),2018-08-14,35000000,Industry
AbLang (heavy sequences),2022-01-22,355000000,Academia
Adaptive Input Transformer + RD,2021-06-28,247000000,Academia and industry collaboration
Adaptive Inputs + LayerDrop,2019-09-25,423000000,Academia and industry collaboration
AgentFounder-30B,2025-09-16,30000000000,Industry
AlexaTM 20B,2022-08-02,19750000000,Industry
AlphaCode,2022-02-02,41100000000,Industry
AlphaFold,2020-01-15,16340840,Industry
AlphaFold 2,2020-11-30,93000000,Industry
AlphaGeometry,2024-01-17,151000000,Academia and industry collaboration
AlphaGo Zero,2017-10-18,46400244,Industry
AlphaMissense,2023-09-22,93000000,Industry
AlphaStar,2019-10-30,139000000,Industry
AlphaX-1,2019-10-02,5400000,Academia and industry collaboration
Amazon Titan,2023-09-28,200000000000,Industry
Ankh_large,2023-01-16,1900000000,Academia
Apollo 7B,2024-12-13,7000000000,Academia and industry collaboration
Aramco Metabrain AI,2024-03-04,250000000000,Other
AudioGen,2023-03-05,1000000000,Academia and industry collaboration
AudioLM,2023-07-26,1500000000,Industry
Aya,2024-02-12,13000000000,Academia and industry collaboration
BART-large,2019-10-29,406291456,Industry
BASIC-L,2021-11-19,3070000000,Industry
BASIC-L + Lion,2023-02-13,3070000000,Academia and industry collaboration
BEIT-3,2022-08-22,1900000000,Industry
BERT-Large,2018-10-11,340000000,Industry
BERT-Large-CAS (PTB+WT2+WT103),2019-04-20,395000000,Industry
BERT-RBP,2022-04-07,110000000,Academia
BIDAF,2016-11-05,2600000,Other
BLIP-2 (Q-Former),2023-01-30,1480000000,Industry
BLOOM-176B,2022-07-11,176247271424,Other
BLUUMI,2023-11-03,176000000000,Academia and industry collaboration
Base LM + kNN LM + Continuous Cache,2019-11-01,247000000,Academia and industry collaboration
Big Transfer (BiT-L),2019-12-24,928000000,Industry
Big-Little Net,2018-07-10,77360000,Industry
Big-Little Net (speech),2018-07-10,3320000,Industry
BigBiGAN,2019-07-04,86000000,Industry
BigSSL,2021-01-10,8000000000,Industry
BlenderBot 3,2022-08-10,175000000000,Academia and industry collaboration
BloombergGPT,2023-03-30,50558868480,Academia and industry collaboration
ByT5-XXL,2021-05-28,12900000000,Industry
CLIP (ResNet-50),2021-01-05,88600000,Industry
CLIP (ViT L/14@336px),2021-01-05,370000000,Industry
CMS-RCNN,2016-06-17,138000000,Industry
CODEFUSION (Python),2023-10-26,75000000,Industry
CPC v2,2019-05-22,303000000,Academia and industry collaboration
CPM-Large,2020-12-01,2600000000,Academia
CT-MoS (WT2),2020-12-25,45000000,Academia and industry collaboration
CURL,2020-04-08,907264,Academia
CaLM,2022-12-19,86000000,Academia
Cambrian-1-34B,2024-06-24,34000000000,Academia
CamemBERT,2019-11-10,335000000,Academia and industry collaboration
ChatGLM3-6B,2023-10-27,6000000000,Industry
Chinchilla,2022-03-29,70000000000,Industry
CoAtNet,2021-06-09,2440000000,Industry
CoCa,2022-06-14,2100000000,Industry
CoEdiT-xxl,2023-05-17,11000000000,Academia and industry collaboration
CoRe,2023-12-29,12400000000,Academia
CodeT5+,2023-05-20,16000000000,Industry
CodeT5-base,2021-11-01,220000000,Academia and industry collaboration
CodeT5-large,2022-07-05,770000000,Industry
Codex,2021-07-07,12000000000,Industry
CogAgent,2023-12-14,18000000000,Academia and industry collaboration
CogVLM-17B,2023-11-06,17000000000,Academia and industry collaboration
CogVideo,2022-05-29,9400000000,Academia
CogView,2021-05-26,4000000000,Academia and industry collaboration
Conformer,2020-05-16,118800000,Industry
Conformer + Wav2vec 2.0 + Noisy Student,2020-10-20,1000000000,Industry
ContextNet,2020-05-07,112700000,Industry
Contriever,2021-12-16,110000000,Academia and industry collaboration
DALL-E,2021-01-05,12000000000,Industry
DALL·E 2,2022-04-06,3500000000,Industry
DBRX,2024-03-27,132000000000,Industry
DDPM-IP (CelebA),2023-01-27,295000000,Academia
DETR,2020-05-26,60000000,Industry
DINOv2,2023-04-14,1140000000,Academia and industry collaboration
DITTO,2022-06-06,750000000,Academia and industry collaboration
DL scaling Image,2017-12-01,121000000,Industry
DL scaling LM,2017-12-01,177000000,Industry
DL scaling speech,2017-12-01,193000000,Industry
DLDL (PASCAL),2016-11-06,564000000,Academia
DLRM-2020,2019-05-31,100000000000,Industry
DLWP,2021-02-09,2676376,Academia and industry collaboration
DNABERT,2021-08-15,110000000,Academia
DPO on Pythia-2.8B,2023-05-29,2800000000,Academia
DeBERTa,2021-06-10,1500000000,Industry
DeBERTaV3large + KEAR,2022-05-04,418000000,Industry
DeLighT,2020-08-03,99000000,Other
DeepNet,2022-03-01,3200000000,Industry
DeepSeek-Coder-V2 236B,2024-06-17,236000000000,Industry
DeepSeek-R1,2025-01-20,671000000000,Industry
DeepSeek-R1 (May 2025),2025-05-28,671000000000,Industry
DeepSeek-V2.5,2024-09-06,236000000000,Industry
DeepSeek-V3,2024-12-24,671000000000,Industry
DeepSeek-V3 (Mar 2025),2025-03-24,671000000000,Industry
DeepSeekMath-V2,2025-11-27,685000000000,Industry
DeepStack,2017-01-06,2500000,Academia
DeiT-B,2021-01-15,86000000,Academia and industry collaboration
Denoising Diffusion Probabilistic Models (LSUN Bedroom),2021-06-11,256000000,Academia
DenseNet-264,2016-08-25,34000000,Academia and industry collaboration
Detic,2022-01-07,88000000,Academia and industry collaboration
DiT-XL/2,2023-03-02,675000000,Academia
DiT-XL/2 + CADS,2023-10-26,675000000,Academia and industry collaboration
DiffDock,2022-10-04,20240000,Academia
Diffusion Renderer,2025-03-22,1100000000,Academia and industry collaboration
DistilBERT,2019-10-02,66000000,Industry
Doubao-pro,2024-10-28,500000000000,Industry
Double DQN,2016-03-02,1500000,Industry
DreamerV3,2023-01-10,200000000,Academia and industry collaboration
Dropout-LSTM+Noise(Bernoulli) (WT2),2018-05-03,51000000,Academia
Dueling DQN,2016-04-05,1700000,Industry
EI-REHN-1000D,2017-08-14,19000000,Academia
ELECTRA,2020-03-23,335000000,Academia and industry collaboration
ELMo,2018-02-01,94000000,Other
EMDR,2021-06-09,440000000,Academia and industry collaboration
EN^2AS with performance reward,2019-07-22,23000000,Academia
ERNIE 3.0,2021-07-05,10000000000,Industry
ERNIE 3.0 Titan,2021-12-23,260000000000,Academia and industry collaboration
ERNIE-4.5-VL-424B-A47B (文心大模型4.5),2025-03-16,424000000000,Industry
ERNIE-Doc (247M),2020-12-31,247000000,Industry
ERNIE-GEN (large),2020-08-06,340000000,Industry
ERNIE-ViLG,2021-12-31,10000000000,Industry
ESM1b,2020-12-15,652400000,Academia and industry collaboration
ESM2-15B,2022-07-21,15000000000,Academia and industry collaboration
ESM3 (98B),2024-06-25,98500000000,Academia and industry collaboration
EVA-01,2022-11-14,1011000000,Academia
EXAONE 3.5 32B,2024-12-09,32000000000,Industry
EXAONE 4.0 (32B),2025-07-15,32000000000,Industry
EXAONE Deep 32B,2025-03-16,32000000000,Industry
EXAONE Path 2.0,2025-07-09,175000000,Industry
Eagle 2,2025-01-20,8930000000,Academia and industry collaboration
EfficientDet,2020-07-27,77000000,Industry
EfficientNet-L2,2019-05-28,480000000,Industry
EfficientNetV2-XL,2021-06-23,208000000,Industry
EnhanceNet,2016-12-23,814464,Academia
Eurus-2-7B-PRIME,2025-02-03,7000000000,Academia
Eve,2021-10-27,15010300,Academia
FFN SwiGLU,2020-02-14,220000000,Industry
FGN,2025-06-12,720000000,Industry
FLAN 137B,2021-09-03,137000000000,Industry
FTW (For The Win),2018-07-03,126001330,Industry
Falcon-180B,2023-09-06,180000000000,Other
Falcon-40B,2023-03-15,40000000000,Other
Feedback Transformer,2020-02-21,126000000,Academia and industry collaboration
Ferret (13B),2023-10-11,13000000000,Academia and industry collaboration
FinGPT-13B,2023-10-07,13000000000,Academia
Fine-tuned-AWD-LSTM-DOC (fin),2018-11-12,46000000,Industry
FixRes ResNeXt-101 WSL,2019-06-14,829000000,Industry
Flamingo,2022-04-29,80000000000,Industry
Flan-PaLM 540B,2022-10-20,540000000000,Industry
Florence,2021-11-22,893000000,Industry
Fold2Seq,2021-06-24,12427904,Academia and industry collaboration
Fraternal dropout + AWD-LSTM 3-layer (WT2),2017-10-31,34000000,Academia
Fugatto 1,2024-11-25,2500000000,Industry
FunSearch,2023-12-14,15000000000,Industry
Fusion in Encoder,2022-11-18,330000000,Industry
GL-LWGC-AWD-MoS-LSTM + dynamic evaluation (WT2),2017-08-29,38000000,Academia
GLM-130B,2022-08-04,130000000000,Academia
GLM-4.5,2025-08-05,355000000000,Academia and industry collaboration
GLM-4.6,2025-09-30,357000000000,Academia and industry collaboration
GLM-4.7,2025-12-22,358000000000,Industry
GLaM,2021-12-13,1200000000000,Industry
GNMT,2016-09-26,278000000,Industry
GNoME for crystal discovery,2023-11-29,16240000,Industry
GOAT,2021-07-27,3472816,Industry
GPT-1,2018-06-01,117000000,Industry
GPT-2 (1.5B),2019-02-14,1500000000,Industry
GPT-2 Medium (FlashAttention),2022-05-27,355000000,Academia
GPT-3 175B (davinci),2020-05-28,174600000000,Industry
GPT-3.5 Turbo,2023-06-13,20000000000,Industry
GPT-3.5 Turbo Instruct,2023-09-28,20000000000,Industry
GPT-4 (Jun 2023),2023-03-15,1800000000000,Industry
GPT-4 (Mar 2023),2023-03-15,1800000000000,Industry
GPT-NeoX-20B,2022-02-09,20000000000,Other
GPT3-2.7B (FlashAttention-2),2023-07-18,2700000000,Academia
GPipe (Transformer),2018-11-16,6000000000,Industry
GQA-8-XXL,2023-12-23,11000000000,Industry
GR-2,2024-10-08,230000000,Industry
GShard (dense),2020-06-30,2300000000,Industry
Galactica,2022-11-16,120000000000,Industry
Gated HORNN (3rd order),2016-04-30,8970000,Academia
Gato,2022-05-12,1180000000,Industry
Gemini Nano-1,2023-12-19,1800000000,Industry
Gemini Nano-2,2023-12-19,3250000000,Industry
GenSLM,2022-10-11,25000000000,Academia and industry collaboration
Generative BST,2021-03-05,9431810048,Industry
German ELECTRA Large,2020-10-21,335000000,Other
Goat-7B,2023-05-23,7000000000,Academia
Gopher (280B),2021-12-08,280000000000,Industry
Grok 3,2025-02-17,3000000000000,Industry
Grok 4,2025-07-09,3000000000000,Industry
Grok-1,2023-11-04,314000000000,Industry
HR-ResNet101,2016-12-13,44500000,Academia
Hanabi 4 player,2019-02-01,764000,Academia and industry collaboration
Hierarchical Reasoning Model (HPM),2025-08-04,27000000,Not specified
HuBERT,2021-07-27,1000000000,Industry
Hunyuan-Large,2024-11-06,389000000000,Industry
Hunyuan-TurboS,2025-03-11,560000000000,Industry
Hybrid H3-2.7B,2022-12-28,2700000000,Academia
HyenaDNA,2023-06-27,6600000,Academia
HyperCLOVA 204B,2021-09-10,204000000000,Industry
HyperCLOVA X SEED 32B Think,2025-12-29,32000000000,Industry
IMPALA,2018-02-05,1600000,Industry
INTELLECT-MATH,2025-01-17,7000000000,Industry
ISS,2017-09-15,11100000,Academia and industry collaboration
ImageBind,2023-05-09,932000000,Industry
Imagen,2022-05-23,7762000000,Industry
Inception v3,2015-12-02,23626728,Academia and industry collaboration
Inception-ResNet-V2,2016-02-23,56000000,Industry
Inceptionv4,2016-02-23,43000000,Industry
Incoder-6.7B,2023-04-09,6700000000,Academia and industry collaboration
Infinity,2024-12-05,2000000000,Industry
InstructBLIP,2023-05-11,13000000000,Academia and industry collaboration
InstructGPT 1.3B,2022-01-27,1300000000,Industry
InstructGPT 175B,2022-01-27,175000000000,Industry
InstructGPT 6B,2022-01-27,6000000000,Industry
InternImage,2022-11-10,1080000000,Academia and industry collaboration
InternLM,2023-07-06,104000000000,Academia and industry collaboration
JFT,2017-07-10,44654504,Academia and industry collaboration
Jais,2023-08-29,13000000000,Academia and industry collaboration
Jamba 1.5-Large,2024-08-22,398000000000,Industry
Jurassic-1-Jumbo,2021-08-11,178000000000,Industry
K-EXAONE,2025-12-31,236000000000,Industry
KEPLER,2020-11-23,125000000,Other
KataGo,2019-02-27,2500000,Industry
Kimi K2,2025-07-11,1000000000000,Industry
Kimi K2 Thinking,2025-11-06,1000000000000,Industry
LDM-1.45B,2021-12-20,1450000000,Academia and industry collaboration
LEP-AD,2023-03-15,3007381000,Academia
LF-MMI,2016-09-08,16600000,Academia
LLaMA-65B,2023-02-24,65200000000,Industry
LLaVA,2023-04-17,13000000000,Academia and industry collaboration
LLaVA 1.5,2023-11-05,13000000000,Academia and industry collaboration
LLaVA-OV-72B,2024-08-06,72000000000,Academia and industry collaboration
LMSI-Palm,2022-10-20,540000000000,Academia and industry collaboration
LRR-4X,2016-05-08,138000000,Academia
LSTM + dynamic eval,2017-09-21,50000000,Academia
LSTM+NeuralCache,2018-09-24,2100000,Academia and industry collaboration
LUKE,2020-10-02,483000000,Academia
LaMDA,2022-02-10,137000000000,Industry
LaNet-L (CIFAR-10),2019-06-17,44100000,Academia and industry collaboration
Ling-1T,2025-10-10,1000000000000,Industry
Llama 2-70B,2023-07-18,70000000000,Industry
Llama 2-7B,2023-07-18,7000000000,Industry
Llama 3-70B,2024-04-18,70000000000,Industry
Llama 3.1-405B,2024-07-23,405000000000,Industry
Llama 3.2 11B,2024-09-24,10600000000,Industry
Llama 3.3 70B,2024-12-06,70000000000,Industry
Llama 4 Behemoth (preview),2025-04-05,2000000000000,Industry
Llama 4 Maverick,2025-04-05,400000000000,Industry
Llama 4 Scout,2025-04-05,109000000000,Industry
Llama Guard,2023-12-07,7000000000,Industry
LongCat-Flash,2025-09-01,560000000000,Industry
LongT5,2021-12-15,3000000000,Industry
M4-50B,2019-10-11,50000000000,Industry
M6-T,2021-03-05,1002700000000,Industry
MEB,2021-09-04,135000000000,Industry
MM1-30B,2024-03-14,30000000000,Industry
MMLSTM (PTB),2019-12-05,21300000,Academia
MMLSTM (WT-2),2019-12-05,32300000,Academia
MS-ensemble-speech-recognition,2016-09-12,3172117056,Industry
MSA Transformer,2021-02-13,100000000,Academia and industry collaboration
MT-DNN,2019-01-31,330000000,Industry
Make-A-Scene,2022-03-24,4000000000,Industry
Mamba-24M (SC09),2023-12-01,23400000,Academia
MaskGIT (ImageNet),2022-02-08,227000000,Industry
Masked Autoencoders ViT-H,2021-11-11,632000000,Industry
Mathstral,2024-07-16,7000000000,Industry
Med-PaLM 2,2023-05-16,340000000000,Industry
MedBERT,2021-05-20,17000000,Academia
Meena,2020-01-28,2600000000,Industry
MegaScale (Production),2024-02-23,530000000000,Academia and industry collaboration
Megatron-BERT,2019-09-17,3900000000,Industry
Megatron-LM (1.2B),2019-09-17,1200000000,Industry
Megatron-LM (8.3B),2019-09-17,8300000000,Industry
Megatron-Turing NLG 530B,2021-10-11,530000000000,Industry
Mesh-TensorFlow Transformer 2.9B (translation),2018-11-05,2900000000,Industry
Mesh-TensorFlow Transformer 4.9B (language),2018-11-05,4900000000,Industry
MetNet,2020-03-24,225000000,Industry
Meta Pseudo Labels,2021-03-01,480000000,Industry
MetaMimic,2018-10-11,22000000,Industry
MindLink-72B,2025-08-01,72000000000,Industry
Minerva (540B),2022-06-29,540350000000,Industry
MiniMax-M2,2025-10-27,229000000000,Industry
MiniMax-M2.1,2025-12-23,229000000000,Industry
Mistral Large 2,2024-07-24,123000000000,Industry
Mixtral 8x7B,2023-12-11,46700000000,Industry
MoCo,2019-11-13,375000000,Industry
MoE-Multi,2017-01-23,8700000000,Academia and industry collaboration
MobileNet,2017-04-17,4200000,Industry
MobileNetV2,2018-06-18,3400000,Industry
"Mogrifier (d2, MoS2, MC) + dynamic eval",2019-09-04,35000000,Academia and industry collaboration
Mogrifier RLSTM (WT2),2022-11-03,35000000,Industry
Movie Gen Video,2024-10-04,30000000000,Industry
MuZero,2019-11-19,36864000,Industry
Multi-cell LSTM,2018-11-15,7200000,Academia
MuseNet,2019-04-25,2038431744,Industry
MusicGen,2023-06-08,3359000000,Industry
MusicLM,2023-01-26,860000000,Industry
NAS with base 8 and shared embeddings,2016-11-05,54000000,Industry
NAS+ESS (23M),2020-05-06,23000000,Academia and industry collaboration
NASNet-A,2017-07-21,89000000,Industry
NASv3 (CIFAR-10),2016-11-05,37400000,Industry
NLLB,2022-07-06,54500000000,Industry
NMT Transformer 437M,2019-02-28,437700000,Academia and industry collaboration
NVILA 15B,2024-12-05,15000000000,Academia and industry collaboration
NVLM-D 72B,2024-10-22,72000000000,Industry
NVLM-H 72B,2024-10-22,72000000000,Industry
NVLM-X 72B,2024-10-22,72000000000,Industry
Nemotron-3-8B,2023-11-15,8000000000,Industry
Nemotron-4 340B,2024-06-14,340000000000,Industry
Noisy Student (L2),2019-11-11,480000000,Academia and industry collaboration
Nucleotide Transformer,2023-01-15,2500000000,Academia and industry collaboration
NÜWA,2021-11-24,870000000,Academia and industry collaboration
ONE-PEACE,2023-05-18,4000000000,Academia and industry collaboration
OPT-175B,2022-05-02,175000000000,Industry
OR-WideResNet,2017-01-07,18200000,Academia
Octo-Base,2024-05-20,93000000,Academia and industry collaboration
Olmo 3,2025-11-20,32000000000,Not specified
OmegaPLM,2022-07-22,670000000,Academia
Once for All,2020-04-29,7700000,Academia and industry collaboration
OntoProtein,2022-01-23,420000000,Academia
OpenAI Five,2019-12-13,159000000,Industry
OpenAI Five Rerun,2019-12-13,159000000,Industry
OpenVLA,2024-06-13,7188100000,Academia and industry collaboration
Oryx 34B,2024-09-19,34000000000,Academia and industry collaboration
PLATO-XL,2021-09-20,11000000000,Industry
PLUG,2021-04-19,27000000000,Industry
PPLX-70B-Online,2023-11-29,70000000000,Industry
PaLI,2022-09-14,16900000000,Industry
PaLI-3,2023-10-17,5000000000,Industry
PaLI-X,2023-05-29,55000000000,Industry
PaLM (540B),2022-04-04,540350000000,Industry
PaLM 2,2023-05-10,340000000000,Industry
PaLM-E,2023-03-06,562000000000,Academia and industry collaboration
Palmyra X 003,2024-01-01,72000000000,Industry
Palmyra X 004,2024-10-09,150000000000,Industry
PanGu-Σ,2023-03-20,1085000000000,Industry
Pangu Ultra,2025-04-10,135000000000,Industry
Pangu-Weather,2023-07-05,256000000,Industry
Parti,2022-06-22,20000000000,Industry
Perceiver IO (optical flow),2020-02-08,27900000,Industry
PermuteFormer,2021-09-06,149697024,Academia
Phenaki,2022-10-05,1800000000,Academia and industry collaboration
Pixtral Large,2024-11-18,124000000000,Industry
Pointer Sentinel-LSTM (medium),2016-09-26,21000000,Industry
PolyCoder,2022-02-26,2700000000,Academia
PolyNet,2016-11-17,92000000,Academia
ProBERTa,2020-09-01,44000000,Academia
ProGen2-xlarge,2022-06-27,6400000000,Academia and industry collaboration
ProtBERT-BFD,2021-05-04,420000000,Other
ProtT5-XL-U50,2021-05-04,3000000000,Other
ProteinBERT,2022-02-10,16000000,Academia and industry collaboration
PyramidNet,2017-09-06,26000000,Academia
QRNN,2018-02-01,135000000,Industry
QwQ-32B,2025-03-06,32500000000,Industry
Qwen Image,2025-08-04,27000000000,Industry
Qwen-72B,2023-11-30,72000000000,Industry
Qwen-Audio-Chat,2023-11-14,8460000000,Industry
Qwen-VL,2023-08-24,9600000000,Industry
Qwen-VL-Max,2024-01-25,7000000000,Industry
Qwen1.5-72B,2024-02-04,72000000000,Industry
Qwen2-72B,2024-06-07,72710000000,Industry
Qwen2.5 Instruct (72B),2024-09-19,72700000000,Industry
Qwen2.5-32B,2024-09-17,32500000000,Industry
Qwen2.5-72B,2024-09-19,72700000000,Industry
Qwen3 Embedding,2025-06-05,8000000000,Industry
Qwen3-235B-A22B,2025-04-29,235000000000,Industry
Qwen3-235B-A22B (Jul 2025),2025-07-25,235000000000,Industry
Qwen3-235B-A22B-Thinking (Jul 2025),2025-07-25,235000000000,Industry
Qwen3-Coder-480B-A35B,2025-07-22,480000000000,Industry
Qwen3-Max,2025-09-05,1000000000000,Industry
Qwen3-Omni-30B-A3B,2025-09-22,35300000000,Industry
RDT-1B,2024-10-10,1200000000,Academia
RETRO-7B,2022-02-07,7500000000,Industry
RT-1,2022-12-13,35000000,Industry
RT-2,2023-07-28,55000000000,Industry
RT-2-X,2023-10-13,55000000000,Industry
Rational DQN Average,2021-02-18,1683456,Academia
ReALM,2024-03-29,3000000000,Industry
Reka Core,2024-04-15,67000000000,Industry
ResNeXt-101 (64×4d),2016-11-16,83000000,Academia and industry collaboration
ResNeXt-101 32x48d,2018-05-02,829000000,Industry
ResNeXt-101 Billion-scale,2019-05-02,193000000,Industry
ResNeXt-50,2016-11-16,25000000,Academia and industry collaboration
ResNet-1001,2016-09-17,10200000,Industry
ResNet-101 (ImageNet),2015-12-10,44500000,Industry
ResNet-110 (CIFAR-10),2015-12-10,1700000,Industry
ResNet-152 (ImageNet),2015-12-10,60200000,Industry
RetinaNet-R101,2017-08-07,53000000,Industry
RetinaNet-R50,2017-08-07,34000000,Industry
Retrieval-Augmented Generator,2020-05-22,626000000,Academia and industry collaboration
RoBERTa Large,2019-07-01,355000000,Academia and industry collaboration
RoFormer,2023-11-08,110000000,Industry
Robot Parkour,2023-09-12,500000,Academia
Routing Transformer (WT-103),2020-03-12,79500000,Industry
S4,2021-10-31,249000000,Academia
SEER,2021-07-29,1300000000,Academia and industry collaboration
SENet (ImageNet),2017-09-05,28100000,Academia
SPHINX (Llama 2 13B),2023-11-13,19900000000,Academia
SPIDER2,2016-10-28,409536,Academia
SPN (ImageNet 128),2018-12-04,250000000,Industry
SRU++ Large,2021-02-24,234000000,Industry
ST-MoE,2022-02-17,269000000000,Industry
STORM-B/8,2024-12-31,100598707,Academia and industry collaboration
Sandwich Transformer,2019-11-10,209000000,Other
SciBERT,2019-03-26,110000000,Other
SeamlessM4T,2023-12-08,2300000000,Academia and industry collaboration
Seed-1.6-Thinking,2025-06-11,230000000000,Industry
"Segatron-XL large, M=384 + HCP",2022-03-21,257000000,Academia and industry collaboration
Segment Anything Model,2023-04-05,636000000,Industry
SenseChat 5.5,2024-07-06,600000000000,Industry
ShuffleNet v1,2017-07-03,2430000,Industry
SigLIP 400M,2023-03-27,400000000,Industry
SimCLR,2020-02-13,375000000,Industry
SimpleNet,2016-08-22,5480000,Academia and industry collaboration
Skywork-13B,2023-10-30,13000000000,Industry
Solar Open 100B
,2025-12-31,102000000000,Industry
Sparse all-MLP,2022-04-14,9410000000,Industry
SqueezeNet,2016-02-24,1200000,Academia
Stable Diffusion (LDM-KL-8-G),2022-04-13,1450000000,Academia and industry collaboration
Stable Diffusion 3,2024-02-22,8000000000,Industry
Stable Diffusion XL (SDXL),2023-07-04,3400000000,Industry
StarCoder,2023-05-09,15500000000,Other
Statement Curriculum Learning,2022-03-02,774000000,Industry
StyleGAN,2018-12-12,26200000,Industry
StyleGAN2,2019-12-03,30000000,Academia and industry collaboration
StyleGAN3-R,2021-06-21,1580000,Academia and industry collaboration
StyleGAN3-T,2021-06-21,2230000,Academia and industry collaboration
Swift,2023-08-30,56804,Industry
Swin Transformer V2 (SwinV2-G),2021-11-18,3000000000,Industry
Switch,2021-01-11,1571000000000,Industry
T-NLRv5 XXL,2021-12-03,5400000000,Industry
T5-11B,2019-10-23,11000000000,Industry
T5-3B,2019-10-23,2800000000,Industry
TCAN (WT2),2020-02-28,33000000,Academia and industry collaboration
TCN (P-MNIST),2018-02-15,42000,Academia and industry collaboration
TaLK Convolution,2020-02-08,240000000,Academia
Table Tennis Agent,2024-08-07,185000,Industry
Telechat2-115B,2024-09-20,115000000000,Industry
Template Adaptation
,2016-03-12,138000000,Academia
Tensor-Transformer(1core)+PN (WT103),2020-03-17,85300000,Academia
Theseus 6/768,2020-02-07,66000000,Academia and industry collaboration
Tongyi DeepResearch,2025-10-28,30500000000,Industry
TrOCR,2021-09-21,558000000,Academia and industry collaboration
Tranception,2022-05-27,700000000,Academia and industry collaboration
Transformer (2017),2017-06-12,213000000,Industry
Transformer (Adaptive Input Embeddings) WT103,2018-09-28,247000000,Industry
Transformer + Simple Recurrent Unit,2018-09-17,90000000,Academia and industry collaboration
Transformer - LibriVox + Decoding/Rescoring,2019-11-19,296000000,Industry
Transformer ELMo,2019-01-01,56000000,Other
Transformer local-attention (NesT-B),2021-05-26,90100000,Industry
Transformer-XL (257M),2019-01-09,257000000,Academia and industry collaboration
Transformer-XL + RMS dynamic eval,2019-04-17,257000000,Academia
Transformer-XL DeFINE (141M),2019-11-27,141000000,Other
Transformer-XL Large + Phrase Induction,2019-06-04,257000000,Academia
TransformerXL + spectrum control,2020-03-11,151000000,Academia and industry collaboration
TrellisNet,2018-10-15,180000000,Academia and industry collaboration
True-Regularization+Finetune+Dynamic-Eval,2019-04-08,7000000,Academia and industry collaboration
Turing ULRv5,2021-09-28,2200000000,Industry
Turing-NLG,2020-02-13,17000000000,Industry
U-PaLM (540B),2022-10-20,540000000000,Industry
UDSMProt,2019-09-04,28303800,Other
UL2,2022-05-10,20000000000,Industry
Unicorn,2021-03-24,11000000000,Other
UnifiedQA,2020-05-02,11000000000,Other
VAETKI
,2025-12-30,100000000000,Industry
VALL-E,2023-01-05,353000000,Industry
VD-LSTM+REAL Large,2016-11-04,51000000,Academia and industry collaboration
VILA-13B,2023-12-12,13350839296,Academia and industry collaboration
VILA1.5-13B,2024-05-03,13493916736,Academia and industry collaboration
"Variational (untied weights, MC) LSTM (Large)",2015-12-16,66000000,Academia
Vega v2,2022-12-04,6000000000,Academia
ViT-22B,2023-02-10,21743000000,Industry
ViT-Base/32,2020-10-22,86000000,Industry
ViT-G (model soup),2022-03-10,1843000000,Academia and industry collaboration
ViT-G/14,2021-06-08,1843000000,Industry
ViT-G/14 (LiT),2021-11-15,3005000000,Industry
ViT-Huge/14,2020-10-22,632000000,Industry
VideoMAE V2,2023-03-29,1000000000,Academia
Volcano 13B,2023-11-13,13000000000,Academia and industry collaboration
W.A.L.T,2023-12-11,4719000000,Academia and industry collaboration
W2v-BERT,2021-08-07,1000000000,Academia and industry collaboration
WeNet (Penn Treebank),2019-04-08,23000000,Industry
Whisper,2022-09-21,1550000000,Industry
XGLM-7.5B,2021-12-20,7500000000,Industry
XLM,2019-06-01,665000000,Industry
XLM-RoBERTa,2019-11-05,550000000,Industry
XLMR-XXL,2021-08-17,10700000000,Industry
XLNet,2019-06-01,340000000,Academia and industry collaboration
Xception,2016-10-07,22855952,Industry
YOLOX-X,2021-08-06,99100000,Industry
YOLOv2,2016-12-25,51000000,Other
YOLOv3,2018-04-08,56933216,Academia
Yi-34B,2023-11-02,34000000000,Industry
Yi-Large,2024-05-13,100000000000,Industry
Yuan 1.0,2021-10-12,245730000000,Industry
Zidong Taichu,2021-08-11,3200000000,Other
aLSTM(depth-2)+RecurrentPolicy (WT2),2018-05-22,32000000,Other
base LM+GNN+kNN,2021-10-17,274000000,Academia and industry collaboration
data2vec (language),2022-01-20,705134592,Industry
data2vec (speech),2022-01-20,705134592,Industry
data2vec (vision),2022-01-20,705134592,Industry
eDiff-I,2022-11-02,9100000000,Industry
gpt-oss-120b,2025-08-05,116830000000,Industry
gpt-oss-20b,2025-08-05,20910000000,Industry
mPLUG-Owl2,2023-11-07,7120000000,Industry
mT0-13B,2022-11-03,13000000000,Other
mT5-XXL,2020-10-20,13000000000,Industry
nekomata-14b,2023-12-21,14200000000,Industry
wave2vec 2.0 LARGE,2020-10-22,317000000,Industry
xTrimoPGLM -100B,2023-07-06,100000000000,Academia and industry collaboration